{"0": [0.9998317815801742, 0.0], "1": [0.9963799835589892, 0.0], "2": [0.9831895286026536, 0.0], "3": [0.9814463882649573, 0.0], "4": [0.9696476569662258, 0.0], "5": [0.9615027393574421, 0.0], "6": [0.9522885996747981, 0.0], "7": [0.9380402413894383, 0.0], "8": [0.892270876467612, 0.0], "9": [0.843796090208801, 0.0], "10": [0.6472891597553774, 0.0], "11": [0.5045959268378131, 0.0], "12": [0.26524857793022855, 0.0]}