{"0": [0.9998507929122208, 0.0], "1": [0.999860530367339, 0.0], "2": [0.9986129864033584, 0.0], "3": [0.9980825268267707, 0.0], "4": [0.9967184623818417, 0.0], "5": [0.9939950704329564, 0.0], "6": [0.9923386512585927, 0.0], "7": [0.9929937743525062, 0.0], "8": [0.9780278294971525, 0.0], "9": [0.979241158763851, 0.0], "10": [0.9794780793386779, 0.0], "11": [0.9703084357877156, 0.0], "12": [0.9218574314538099, 0.0]}