{"0": [0.9999978269561213, 0.0], "1": [0.9998878269562027, 0.0], "2": [0.998671928414333, 0.0], "3": [0.9963873894258057, 0.0], "4": [0.995921241047699, 0.0], "5": [0.9930219014942088, 0.0], "6": [0.981843209639304, 0.0], "7": [0.9822693640563879, 0.0], "8": [0.9420974224591581, 0.0], "9": [0.9152258653990235, 0.0], "10": [0.9046095431522887, 0.0], "11": [0.8019414661368588, 0.0], "12": [0.21400726440119022, 0.0]}