{"0": [0.9995897282564353, 0.0], "1": [0.9994672549719786, 0.0], "2": [0.9958667943882684, 0.0], "3": [0.9913727359486408, 0.0], "4": [0.9876341461204848, 0.0], "5": [0.9807498785284685, 0.0], "6": [0.966863167194754, 0.0], "7": [0.9647822478023742, 0.0], "8": [0.9241327617734649, 0.0], "9": [0.9094513507819677, 0.0], "10": [0.8965604108634239, 0.0], "11": [0.8031779569473957, 0.0], "12": [0.30706061511493804, 0.0]}