{"0": [0.9999951255572892, 0.0], "1": [0.9999026505903268, 0.0], "2": [0.998976711296487, 0.0], "3": [0.9984937702588756, 0.0], "4": [0.9969296312582514, 0.0], "5": [0.9959750633382805, 0.0], "6": [0.9930391621339048, 0.0], "7": [0.9858944487165705, 0.0], "8": [0.9598113610439294, 0.0], "9": [0.8920143144295111, 0.0], "10": [0.7987814454883205, 0.0], "11": [0.5875297765804512, 0.0], "12": [0.37126420345483635, 0.0]}